run_id,condition_id,condition_name,model,model_label,hhi,sector_hhi,portfolio_beta,portfolio_vol,return_12m,breadth,sector_Consumer Goods,sector_Energy,sector_Financials,sector_Healthcare,sector_Industrials,sector_Technology
claude_control_009_20260427T230440602186,0,control,claude-sonnet-4-6,claude,0.05744804520592932,0.19956566975278411,0.9130150812,30.9679397426,11.283517250800001,20,15.075377000000001,7.537689,15.57789,19.095477,11.557789,31.155779
claude_technical_024_20260427T230445388090,2,technical,claude-sonnet-4-6,claude,0.061588088977029005,0.18033252424863822,0.7855008665999998,28.550027384000003,13.788319116300002,20,18.2831,6.445837999999999,21.515965000000005,18.820252,17.736,17.198847
claude_combined_005_20260427T230502561065,3,combined,claude-sonnet-4-6,claude,0.060580298455734094,0.19895845307046472,0.9198453875,30.688093719599998,13.882938244300002,20,17.010309,5.670103999999999,20.103093,16.494846,11.340207,29.381444000000002
claude_combined_024_20260427T230507575570,3,combined,claude-sonnet-4-6,claude,0.0592499129501465,0.1976697385111011,0.9209326521,30.869067608499993,13.334248603099999,20,16.062177,6.217617,19.170984,17.61658,11.398964,29.533679000000003
claude_combined_002_20260427T230512824791,3,combined,claude-sonnet-4-6,claude,0.07282811343813551,0.2220797992983539,0.9710710974,31.231772865,14.5302538801,20,17.241724,4.430443,21.672167,16.251625,6.90069,33.50335
claude_fundamental_000_20260427T230531126816,1,fundamental,claude-sonnet-4-6,claude,0.08708359286768841,0.2799729699039636,1.1447314145,34.8398386055,15.228988631400002,20,13.364009,5.0615179999999995,14.754425000000001,14.744423000000001,5.981793999999999,46.093829
claude_combined_003_20260427T230544235405,3,combined,claude-sonnet-4-6,claude,0.07055,0.22134999999999996,0.9788,31.47885,14.302299999999997,20,16.5,4.0,21.0,16.0,8.5,34.0
claude_technical_027_20260427T230600410714,2,technical,claude-sonnet-4-6,claude,0.06037894872906601,0.1778287160675734,0.8032690156999998,28.888228786900005,13.751401421199999,20,17.888592,7.371129,21.044821,17.898486,17.898486,17.898486
claude_combined_006_20260427T230617312142,3,combined,claude-sonnet-4-6,claude,0.0607096367708335,0.1992730092361113,0.921927096,30.747396132800006,13.756874804499997,20,16.666667,5.729167,19.791667,16.666666,11.458333000000001,29.687501
claude_combined_019_20260427T230622433741,3,combined,claude-sonnet-4-6,claude,0.05978982142230409,0.1998265639108259,0.9289394328,30.995556950399997,13.6028288249,20,15.656566,6.060607,19.19192,17.171718,11.616162999999998,30.303031000000004
claude_fundamental_017_20260427T230627756552,1,fundamental,claude-sonnet-4-6,claude,0.10151228596975441,0.34245746229867685,1.1475217428,34.2786957345,13.3307825385,20,14.347826,3.4782610000000007,10.869565,12.608696,4.782609,53.913043
claude_technical_019_20260427T230641883869,2,technical,claude-sonnet-4-6,claude,0.0726085,0.18370213999999996,0.7606930000000001,28.216753999999998,14.467363,20,20.479999999999997,5.72,21.9,19.52,16.19,16.189999999999998
claude_technical_028_20260427T230658061554,2,technical,claude-sonnet-4-6,claude,0.08975965693971973,0.1947029629220233,0.7227235166,27.6157262049,15.9966358907,20,25.485097,3.8407679999999997,22.124423999999998,18.273654,15.863172,14.412882
claude_fundamental_002_20260427T230713813617,1,fundamental,claude-sonnet-4-6,claude,0.08392386,0.26826871999999996,1.10684,34.138368,14.468486,20,13.670000000000002,5.13,14.529999999999998,15.380000000000003,6.8500000000000005,44.44
claude_control_016_20260427T230729502115,0,control,claude-sonnet-4-6,claude,0.05639999999999999,0.19785000000000003,0.9168000000000002,31.0682,11.573,20,15.000000000000002,7.500000000000001,15.0,18.5,13.0,31.0
claude_technical_002_20260427T230734212121,2,technical,claude-sonnet-4-6,claude,0.05840956907811408,0.1787716227877407,0.7978817682,29.10044301330001,13.506305005700002,20,17.241379000000002,6.896552,19.704432999999998,19.704432999999998,19.211822,17.24138
claude_technical_022_20260427T230749166988,2,technical,claude-sonnet-4-6,claude,0.0832938750987764,0.190203939967953,0.7565896203,28.0883618357,15.0708458663,20,20.62749,4.043824,23.256972,20.219123,14.661354000000001,17.191235
claude_combined_007_20260427T230807799925,3,combined,claude-sonnet-4-6,claude,0.06920175695925186,0.2195995769219715,0.9554711248999999,31.222825464099998,13.802506875899999,20,17.162471999999998,5.392498,18.634963,17.152523,7.352501999999999,34.305045
claude_fundamental_021_20260427T230826910416,1,fundamental,claude-sonnet-4-6,claude,0.09468772470468789,0.2837494113709267,1.1609390823,35.20935458339999,15.362117058099999,20,12.621262,3.270327,12.611261,15.421541999999999,9.350935,46.724672
claude_technical_008_20260427T230845074799,2,technical,claude-sonnet-4-6,claude,0.0899142244573221,0.1963504740138975,0.7200089919,27.667188004500005,16.068665972700003,20,25.867413,3.9796020000000003,22.887711,17.908209,15.918408000000001,13.438655999999998
claude_control_008_20260427T230901140659,0,control,claude-sonnet-4-6,claude,0.05669999999999999,0.1981,0.9156000000000001,31.00625,11.42375,20,15.000000000000002,7.500000000000001,15.5,18.5,12.5,31.0
claude_technical_001_20260427T230905966124,2,technical,claude-sonnet-4-6,claude,0.0719395414848361,0.18511041646073748,0.7940359881000001,28.949565791500003,15.4912217838,20,18.128537,5.699273000000001,23.837913999999998,18.654000999999997,18.654002,15.026274
claude_combined_008_20260427T230924602360,3,combined,claude-sonnet-4-6,claude,0.0591464667155182,0.19079776836331142,0.9138647108000001,30.844201792199996,13.9011147434,20,15.981506000000001,6.191578,18.56468,18.554629,13.398332000000002,27.309276999999998
claude_combined_018_20260427T230945694260,3,combined,claude-sonnet-4-6,claude,0.0691491298505984,0.22127203604961782,0.96350301,31.1740927644,13.8675447071,20,18.263474,5.788424,19.261477,15.369263,6.786428,34.530938
claude_control_007_20260427T231007507813,0,control,claude-sonnet-4-6,claude,0.05669048916997062,0.19855559721572702,0.9165326796999999,31.052060778,11.366683368199999,20,15.075377000000001,7.537689,15.075376999999998,18.592965,12.562814999999999,31.155779
claude_control_001_20260427T231012209671,0,control,claude-sonnet-4-6,claude,0.05669048916997062,0.19855559721572702,0.9165326796999999,31.052060778,11.366683368199999,20,15.075377000000001,7.537689,15.075376999999998,18.592965,12.562814999999999,31.155779
claude_technical_018_20260427T231017234330,2,technical,claude-sonnet-4-6,claude,0.10268601001274401,0.2020880336721892,0.7135643823,27.659208636400002,17.2535148503,20,25.247525,2.970298,24.752475,18.811881,16.336634,11.881189000000001
claude_technical_010_20260427T231032800361,2,technical,claude-sonnet-4-6,claude,0.06075663449706711,0.17940617602577172,0.7889890576000002,28.75584203,14.1250885223,20,18.258707,6.985075,21.522388,18.825871000000003,18.278607,16.129353000000002
claude_control_026_20260427T231051540800,0,control,claude-sonnet-4-6,claude,0.05704401590969942,0.198858620092422,0.9141206172999999,30.9596988886,11.4394975019,20,15.075377000000001,7.537689,15.57789,18.592965,12.060302,31.155779
claude_technical_020_20260427T231056761748,2,technical,claude-sonnet-4-6,claude,0.0739957,0.18557875999999998,0.765465,28.482917,14.752496,20,20.0,5.13,22.56,19.49,17.43,15.389999999999999
claude_control_021_20260427T231111816224,0,control,claude-sonnet-4-6,claude,0.05669048916997062,0.19855559721572702,0.9165326796999999,31.052060778,11.366683368199999,20,15.075377000000001,7.537689,15.075376999999998,18.592965,12.562814999999999,31.155779
claude_fundamental_022_20260427T231116785873,1,fundamental,claude-sonnet-4-6,claude,0.09932151979754991,0.2862735151071939,1.1760820171,35.50211424199999,15.1619964557,20,14.084224,4.694742,14.618175,14.608101000000001,5.218618,46.776143000000005
claude_fundamental_011_20260427T231133866661,1,fundamental,claude-sonnet-4-6,claude,0.10185000000000005,0.3128,1.17355,35.376400000000004,15.042850000000001,20,13.0,3.0,13.0,16.0,5.0,50.0
claude_fundamental_020_20260427T231146730981,1,fundamental,claude-sonnet-4-6,claude,0.093982826946858,0.2979876861290564,1.1672637088,35.146368764900004,14.7161694332,20,14.427861,5.472637000000001,12.935324000000001,12.935323000000002,5.472637000000001,48.75622
claude_technical_006_20260427T231159021691,2,technical,claude-sonnet-4-6,claude,0.0707060697243685,0.1857601199241183,0.8081983554000001,29.162995750399997,15.651810186899999,20,19.192122,4.541801,22.226688,18.177252000000003,18.689711,17.172427000000003
claude_fundamental_009_20260427T231214994740,1,fundamental,claude-sonnet-4-6,claude,0.0907403088967611,0.27747179337784056,1.1530335760000003,34.68622882310001,14.645739883900001,20,14.287168,4.460285,16.079429,13.391037,6.242361,45.539715
claude_technical_007_20260427T231230868400,2,technical,claude-sonnet-4-6,claude,0.059967401800452,0.1790443026606424,0.7895187395,28.779358916199996,14.0885565889,20,17.647059,6.951872000000001,20.855615,19.251337000000003,18.716578000000002,16.577541
claude_fundamental_004_20260427T231248073364,1,fundamental,claude-sonnet-4-6,claude,0.1028274924140693,0.3383020002523435,1.1781127995000003,35.478231468400004,14.930708921599999,20,12.741273999999999,3.4303429999999997,12.251225,15.681568000000002,2.940294,52.955295
claude_technical_000_20260427T231302509409,2,technical,claude-sonnet-4-6,claude,0.06212772268969891,0.1812631322771457,0.7855627576,28.9032475753,13.8203526802,20,17.801576,6.284098,20.933522,20.943625,16.760962000000003,17.276218
claude_fundamental_008_20260427T231321144323,1,fundamental,claude-sonnet-4-6,claude,0.08352366416155291,0.26269851783039133,1.1191511468,34.707121788799995,14.773673068099999,20,12.787441999999999,6.388722,14.617076,15.516896000000003,6.8586279999999995,43.831233000000005
claude_fundamental_029_20260427T231337736072,1,fundamental,claude-sonnet-4-6,claude,0.09278767368657502,0.31277374794546403,1.1529383940999998,34.930805737,15.0630332538,20,13.744076,3.791469,13.270142000000002,14.218009,4.739337000000001,50.236967
claude_fundamental_025_20260427T231350842885,1,fundamental,claude-sonnet-4-6,claude,0.0939080038176412,0.30528652302984943,1.1568516297000002,35.1281322351,14.8785215232,20,14.284278,4.433052,12.806595000000002,14.776839,4.433052,49.266184
claude_technical_016_20260427T231408764232,2,technical,claude-sonnet-4-6,claude,0.07319476876084331,0.18633091109770672,0.7890460646999999,28.589758646500005,15.0618364703,20,20.104544,5.146764,23.713309,17.018497000000004,18.033776000000003,15.983113
claude_control_022_20260427T231425763364,0,control,claude-sonnet-4-6,claude,0.05704401590969942,0.198858620092422,0.9153266484999999,30.989799417300002,11.2166832377,20,15.075377000000001,7.537689,15.57789,18.592965,12.060302,31.155779
claude_technical_003_20260427T231430676517,2,technical,claude-sonnet-4-6,claude,0.06517212246959088,0.1821748194993839,0.7936343554999999,28.7512978423,15.1298618349,20,17.941794,5.9805980000000005,21.732173,17.931793000000003,20.112011,16.30163
claude_technical_005_20260427T231450443118,2,technical,claude-sonnet-4-6,claude,0.0676489155709097,0.18490130534661112,0.7794779648000001,28.313418098500005,14.580596645799998,20,18.325544,4.991548,22.780154,18.345430999999998,18.335487,17.221835
claude_control_023_20260427T231509897157,0,control,claude-sonnet-4-6,claude,0.05669048916997062,0.19855559721572702,0.9165326796999999,31.052060778,11.366683368199999,20,15.075377000000001,7.537689,15.075376999999998,18.592965,12.562814999999999,31.155779
claude_fundamental_010_20260427T231514608878,1,fundamental,claude-sonnet-4-6,claude,0.08490261731471291,0.2668575027492639,1.1423113133,34.85331561,15.6315667252,20,12.491206,5.094965,15.74716,13.888051,8.320771,44.457844
claude_combined_009_20260427T231528944182,3,combined,claude-sonnet-4-6,claude,0.08651201999999998,0.24976749999999998,1.0789609999999998,34.08412,17.339944,20,15.09,4.25,17.93,15.57,6.609999999999999,40.55
claude_combined_022_20260427T231546526583,3,combined,claude-sonnet-4-6,claude,0.07248201596753488,0.2254746788072439,0.9723314628999999,31.266709958799996,14.310553833899998,20,16.993267,4.3714200000000005,20.389910999999998,16.018490999999997,7.275651999999999,34.951262
claude_control_024_20260427T231604990473,0,control,claude-sonnet-4-6,claude,0.05871973782864451,0.2051269657210083,0.9265841899999998,31.213813355100005,11.2392085434,20,14.851486,7.425743,15.346535,18.811883,10.89109,32.673268
claude_control_006_20260427T231609802168,0,control,claude-sonnet-4-6,claude,0.05704401590969942,0.198858620092422,0.9153266484999999,30.989799417300002,11.2166832377,20,15.075377000000001,7.537689,15.57789,18.592965,12.060302,31.155779
claude_fundamental_026_20260427T231614411034,1,fundamental,claude-sonnet-4-6,claude,0.08924211686594061,0.2773158778832524,1.1318230779000003,34.9312002402,15.569061634299999,20,13.464026,4.328789,16.349885999999998,15.384614999999998,5.294059,45.178625
claude_combined_000_20260427T231629462713,3,combined,claude-sonnet-4-6,claude,0.0612643711021261,0.20098696723966752,0.9397319498000002,31.016294917600003,13.4550186549,20,15.677547,6.488626,18.367952,17.843719000000004,10.811079,30.811078000000002
claude_control_018_20260427T231649021925,0,control,claude-sonnet-4-6,claude,0.05669048916997062,0.19855559721572702,0.9165326796999999,31.052060778,11.366683368199999,20,15.075377000000001,7.537689,15.075376999999998,18.592965,12.562814999999999,31.155779
claude_fundamental_019_20260427T231653800177,1,fundamental,claude-sonnet-4-6,claude,0.09423586207495178,0.30170864245452633,1.1495236899999999,34.8641329316,14.527223889999998,20,13.234850999999997,5.396443,14.219676999999997,13.717214,4.411617,49.020199999999996
claude_combined_028_20260427T231710525563,3,combined,claude-sonnet-4-6,claude,0.0586,0.19520000000000004,0.9146000000000001,30.711,13.2749,20,16.0,7.000000000000001,19.0,18.0,11.0,29.000000000000004
claude_fundamental_012_20260427T231725682830,1,fundamental,claude-sonnet-4-6,claude,0.0952554125425541,0.32098679041007955,1.1578608517,34.9700383835,14.398313820199999,20,13.180487000000001,4.393496,11.705888999999999,13.170387,5.857996,51.691748000000004
claude_control_002_20260427T231741658202,0,control,claude-sonnet-4-6,claude,0.05771429853438841,0.2015216220028474,0.9305797010000001,31.2861834551,11.690579412799998,20,14.975846,7.246377000000001,15.458936000000001,18.357488,12.077295,31.884058
claude_combined_013_20260427T231746469276,3,combined,claude-sonnet-4-6,claude,0.0702219867517845,0.2180464530823831,0.9535570419000001,30.961341430300006,14.245438465900001,20,18.016953,6.002366,20.01774,14.508178999999998,7.5103480000000005,33.944411
claude_technical_012_20260427T231807357642,2,technical,claude-sonnet-4-6,claude,0.062181521550211005,0.1786872558693008,0.7850080061999999,28.677700552200005,13.545984837799999,20,17.777777999999998,7.0270269999999995,20.560561,19.479478999999998,18.388388,16.766766999999998
claude_technical_013_20260427T231824563114,2,technical,claude-sonnet-4-6,claude,0.05955974006586619,0.18076401465053957,0.8000637971,29.153460359600004,13.868415177900003,20,17.348042,6.121566,20.408825,19.392169,19.392169,17.337227
claude_fundamental_006_20260427T231843815864,1,fundamental,claude-sonnet-4-6,claude,0.09319832989572861,0.2841754243803778,1.1461440493,35.01204513289999,14.546963574600001,20,13.364986000000002,5.444994,13.859986,15.839982999999998,4.949993999999999,46.540055
claude_fundamental_016_20260427T231858970079,1,fundamental,claude-sonnet-4-6,claude,0.09329181447314842,0.285853622740492,1.1518280758000004,35.4158896784,15.620162850200002,20,12.433782,4.977511,13.933033,16.421788999999997,5.487256,46.746627000000004
claude_fundamental_007_20260427T231915553885,1,fundamental,claude-sonnet-4-6,claude,0.0958478428150496,0.3199018793342188,1.1604460177,34.9322336397,14.3915637991,20,13.812154999999999,4.761427,12.37569,12.867907,4.761426,51.421397
claude_control_010_20260427T231931941796,0,control,claude-sonnet-4-6,claude,0.05717745791440151,0.1998247796268907,0.9203553234,31.097461648999996,11.2075632737,20,14.720812,7.614213,15.228426,18.781726,12.182741,31.472080999999996
claude_technical_014_20260427T231936851332,2,technical,claude-sonnet-4-6,claude,0.07315366142041002,0.18438718242354504,0.7674125470000001,28.542803757599998,14.9904575391,20,19.481303000000004,5.790108,22.637716,19.993969,17.370326,14.726578000000002
claude_control_015_20260427T231953446775,0,control,claude-sonnet-4-6,claude,0.05669048916997062,0.19855559721572702,0.9165326796999999,31.052060778,11.366683368199999,20,15.075377000000001,7.537689,15.075376999999998,18.592965,12.562814999999999,31.155779
claude_fundamental_028_20260427T231958356737,1,fundamental,claude-sonnet-4-6,claude,0.09059504629176929,0.27776353437507995,1.1553305214999998,35.13652630130001,15.194234271499997,20,12.681267999999998,4.880488,15.611560999999998,14.141414,6.830683,45.854585
claude_control_005_20260427T232012803521,0,control,claude-sonnet-4-6,claude,0.05704401590969942,0.198858620092422,0.9153266484999999,30.989799417300002,11.2166832377,20,15.075377000000001,7.537689,15.57789,18.592965,12.060302,31.155779
claude_fundamental_003_20260427T232017715930,1,fundamental,claude-sonnet-4-6,claude,0.09515000000000001,0.29460000000000003,1.17005,35.34405,15.671700000000001,20,13.0,4.0,14.000000000000002,15.000000000000002,6.0,48.0
claude_fundamental_014_20260427T232032051884,1,fundamental,claude-sonnet-4-6,claude,0.09793409388114512,0.3119595125449713,1.1637943678,35.071437793099996,14.7549393464,20,12.981298000000002,3.3603359999999998,14.431443,14.421442,4.80048,50.005
claude_fundamental_015_20260427T232048329339,1,fundamental,claude-sonnet-4-6,claude,0.10054813674822873,0.32677116058188455,1.1377335438999996,34.3155028949,12.87656718,20,12.832566,4.860971999999999,11.5023,14.162832,4.420884,52.220445000000005
claude_control_012_20260427T232105020899,0,control,claude-sonnet-4-6,claude,0.058149999999999986,0.20485000000000003,0.9376500000000002,31.31925,11.4907,20,14.500000000000002,7.500000000000001,15.0,18.0,12.000000000000002,33.0
claude_fundamental_018_20260427T232109734290,1,fundamental,claude-sonnet-4-6,claude,0.08329296363783179,0.26147250793694754,1.1019019662,34.1685194531,14.1971962547,20,14.411764999999999,5.098039,15.588236,16.470587000000002,5.588236,42.843137
claude_combined_011_20260427T232129498915,3,combined,claude-sonnet-4-6,claude,0.06055,0.1995,0.9354999999999999,31.13535,13.989,20,15.5,6.000000000000001,19.5,17.5,11.5,30.0
claude_combined_020_20260427T232134720844,3,combined,claude-sonnet-4-6,claude,0.059449999999999996,0.1966,0.9115000000000001,30.589,13.6971,20,16.0,6.000000000000001,20.0,17.0,12.0,28.999999999999996
claude_combined_029_20260427T232139847655,3,combined,claude-sonnet-4-6,claude,0.05993425637343871,0.1968967889493757,0.9251282335999998,30.863180501799995,13.9001542081,20,16.410256,5.641026,19.487180000000002,16.410257,12.820514,29.23077
claude_combined_010_20260427T232145165057,3,combined,claude-sonnet-4-6,claude,0.06177673166826292,0.20180409413432074,0.9154176243000001,30.613904947599995,13.0682156779,20,17.315195,5.761728,19.235771,18.265479000000003,9.602879999999999,29.818946
claude_control_019_20260427T232202267829,0,control,claude-sonnet-4-6,claude,0.05669048916997062,0.19855559721572702,0.9165326796999999,31.052060778,11.366683368199999,20,15.075377000000001,7.537689,15.075376999999998,18.592965,12.562814999999999,31.155779
claude_technical_025_20260427T232206979091,2,technical,claude-sonnet-4-6,claude,0.07503765766294941,0.1857943667010892,0.7628431949000001,28.44297782000001,14.5613763349,20,19.896538,5.103462,22.443293999999998,19.389176,18.364503999999997,14.803024
claude_fundamental_013_20260427T232222441377,1,fundamental,claude-sonnet-4-6,claude,0.09351823847587741,0.29520141534741384,1.1593064188000002,35.2349614208,15.388405143500002,20,12.922766,4.300858000000001,15.315497,14.830894,4.785462,47.844523
claude_combined_014_20260427T232249164100,3,combined,claude-sonnet-4-6,claude,0.059570313333333506,0.1973741373263891,0.9276041759000001,30.878021107800002,13.781979190799998,20,16.145834,6.25,19.270833,16.666666,11.979167,29.687501
claude_control_020_20260427T232254183454,0,control,claude-sonnet-4-6,claude,0.05704401590969942,0.198858620092422,0.9153266484999999,30.989799417300002,11.2166832377,20,15.075377000000001,7.537689,15.57789,18.592965,12.060302,31.155779
claude_control_000_20260427T232258792780,0,control,claude-sonnet-4-6,claude,0.05639999999999999,0.19785000000000003,0.9168000000000002,31.0682,11.573,20,15.000000000000002,7.500000000000001,15.0,18.5,13.0,31.0
claude_combined_025_20260427T232303604952,3,combined,claude-sonnet-4-6,claude,0.06361257188421719,0.20734322294340057,0.9483687980000002,30.9333937685,13.503631346900004,20,18.262341000000003,6.25,18.75,16.34156,8.658438,31.737658999999997
claude_combined_015_20260427T232325518526,3,combined,claude-sonnet-4-6,claude,0.0711686541338289,0.2220089815425339,0.9662713632,31.360458640499992,13.947153145199998,20,16.758323999999998,4.429557,19.708029000000003,16.748325,7.879211999999999,34.476552
claude_fundamental_027_20260427T232350914734,1,fundamental,claude-sonnet-4-6,claude,0.1008973382402583,0.3075267687732643,1.1392472039000001,34.41906689700001,12.851528756,20,14.164134,4.4275590000000005,12.391084,15.045593000000002,4.417426,49.554205
claude_combined_023_20260427T232406067999,3,combined,claude-sonnet-4-6,claude,0.05870000000000001,0.19735,0.9124000000000001,30.711799999999997,12.560599999999999,20,17.0,7.000000000000001,16.5,18.5,11.0,30.0
claude_fundamental_023_20260427T232420407144,1,fundamental,claude-sonnet-4-6,claude,0.0929545416834635,0.2863914020747243,1.1547317155,35.06724705580001,15.0356345679,20,13.434484999999999,5.476286,15.9164,13.926850000000002,4.491559,46.754421
claude_combined_017_20260427T232439040392,3,combined,claude-sonnet-4-6,claude,0.07330176396300941,0.23495757689222924,1.0138381343,32.5338325343,14.726195694999998,20,15.384616000000001,4.8014399999999995,16.354906,16.3349,8.642592,38.481544
claude_technical_029_20260427T232455847756,2,technical,claude-sonnet-4-6,claude,0.07100494506399131,0.18278303377759472,0.7820405889,28.7061539406,15.177255796599999,20,17.475242,5.821746,22.336701,19.415823999999997,18.445533,16.504951000000002
claude_technical_023_20260427T232510787084,2,technical,claude-sonnet-4-6,claude,0.0698,0.18359999999999996,0.7770999999999999,28.571599999999997,15.194,20,19.0,6.0,23.0,19.0,18.0,15.0
claude_combined_001_20260427T232526863663,3,combined,claude-sonnet-4-6,claude,0.0676405280965392,0.21792276296142482,0.9683706354,31.3008419166,13.795048457999998,20,17.283456,5.231046,19.90398,16.75335,7.321464,33.5067
claude_control_025_20260427T232545346208,0,control,claude-sonnet-4-6,claude,0.05639999999999999,0.19785000000000003,0.9168000000000002,31.0682,11.573,20,15.000000000000002,7.500000000000001,15.0,18.5,13.0,31.0
claude_technical_011_20260427T232550182084,2,technical,claude-sonnet-4-6,claude,0.061703716656155705,0.17999009101818034,0.7851231592,28.571720359599997,13.9460346842,20,18.678999,6.594954,21.433597999999996,18.678998999999997,17.030260000000002,17.583191
claude_combined_012_20260427T232607620325,3,combined,claude-sonnet-4-6,claude,0.06557737999999999,0.21227708,0.9627129999999998,31.270180999999997,14.178223,20,17.65,5.35,19.25,16.580000000000002,8.55,32.62
claude_technical_017_20260427T232629833697,2,technical,claude-sonnet-4-6,claude,0.06563396619665661,0.18160633369925522,0.7855545446,28.730294800800003,14.310163191600001,20,17.745946,6.445837,22.590271,19.357405000000004,17.735999000000003,16.12454
claude_technical_004_20260427T232645917380,2,technical,claude-sonnet-4-6,claude,0.06686460642832379,0.1824364857857362,0.7817979837999999,28.9022827827,14.738595797299999,20,19.090909,5.959596,21.818182,19.595959,17.777777999999998,15.757576
claude_control_029_20260427T232704905723,0,control,claude-sonnet-4-6,claude,0.05771429853438841,0.2015216220028474,0.9305797010000001,31.2861834551,11.690579412799998,20,14.975846,7.246377000000001,15.458936000000001,18.357488,12.077295,31.884058
claude_control_027_20260427T232709675985,0,control,claude-sonnet-4-6,claude,0.05881776753063451,0.20478386171453827,0.9296039949999998,31.203318295100004,11.1670797584,20,15.346536,7.425743,15.346535,18.316833,10.89109,32.673268
claude_combined_016_20260427T232714489974,3,combined,claude-sonnet-4-6,claude,0.0602700743402509,0.1994952907068647,0.929222806,30.93673593739999,13.6118134965,20,16.062176,6.217617,20.207254,17.61658,10.362694999999999,29.533679000000003
claude_combined_027_20260427T232719607422,3,combined,claude-sonnet-4-6,claude,0.07786951754947911,0.2473307644945873,1.0257572740000003,32.89449381,15.054914757699999,20,15.44634,4.41324,17.85356,16.950853,5.6168499999999995,39.719158
claude_control_004_20260427T232737218123,0,control,claude-sonnet-4-6,claude,0.05868666696269909,0.2053167024058811,0.9274626927999999,31.190398212299996,11.1877110974,20,14.925373,7.462687000000001,15.422886,18.407960000000003,10.945274000000001,32.835820999999996
claude_fundamental_024_20260427T232742138204,1,fundamental,claude-sonnet-4-6,claude,0.0983886560050496,0.3158585225420164,1.1778109578999998,35.3138310308,15.1756223892,20,14.427861,3.980099,12.935324000000001,12.935323000000002,4.975124,50.746269
claude_technical_015_20260427T232756473739,2,technical,claude-sonnet-4-6,claude,0.055944912091138894,0.1780785636547899,0.8205277799999998,29.511666131,13.851536571199999,20,17.294252,7.030353,19.453426,18.911025000000002,18.379054,18.931886999999996
claude_control_011_20260427T232813265320,0,control,claude-sonnet-4-6,claude,0.05709451846620051,0.1992121430130553,0.9154271435999999,31.060301632,11.2107031171,20,15.075377000000001,7.537689,15.075376999999998,19.095477,12.060302,31.155779
claude_technical_009_20260427T232817974067,2,technical,claude-sonnet-4-6,claude,0.058500591305739806,0.17797208120743402,0.7949552778000001,28.993472837000006,13.1328298037,20,17.525877,7.215356000000001,19.585971,20.108531000000003,17.525876999999998,18.038388
claude_combined_021_20260427T232833540460,3,combined,claude-sonnet-4-6,claude,0.0581007878720706,0.1937984490424952,0.9133025143000002,30.808051372900003,12.913647910699998,20,15.99286,7.0040949999999995,17.998530000000002,17.998528999999998,12.002519,29.003465000000002
claude_technical_026_20260427T232850233660,2,technical,claude-sonnet-4-6,claude,0.066,0.1812,0.7781,28.361800000000002,14.0882,20,18.0,7.000000000000001,23.0,18.0,19.0,15.0
claude_control_013_20260427T232905082433,0,control,claude-sonnet-4-6,claude,0.058149999999999986,0.20485000000000003,0.9376500000000002,31.31925,11.4907,20,14.500000000000002,7.500000000000001,15.0,18.0,12.000000000000002,33.0
claude_combined_026_20260427T232910605369,3,combined,claude-sonnet-4-6,claude,0.05865,0.19595,0.8968500000000001,30.32525,12.751249999999999,20,16.0,7.000000000000001,19.0,18.5,10.5,29.000000000000004
claude_control_017_20260427T232926050323,0,control,claude-sonnet-4-6,claude,0.05771429853438841,0.2015216220028474,0.9305797010000001,31.2861834551,11.690579412799998,20,14.975846,7.246377000000001,15.458936000000001,18.357488,12.077295,31.884058
claude_control_028_20260427T232930656800,0,control,claude-sonnet-4-6,claude,0.05669048916997062,0.19855559721572702,0.9165326796999999,31.052060778,11.366683368199999,20,15.075377000000001,7.537689,15.075376999999998,18.592965,12.562814999999999,31.155779
claude_fundamental_001_20260427T232935566201,1,fundamental,claude-sonnet-4-6,claude,0.0927914608595773,0.28448902740982407,1.1586074608,35.266955839699996,15.123575793299997,20,13.433136000000001,4.481061,13.92545,14.930172,6.4804580000000005,46.749724
claude_fundamental_005_20260427T232955670147,1,fundamental,claude-sonnet-4-6,claude,0.0902106745052521,0.2880407110642391,1.1424852371999998,34.7100733196,14.6249022744,20,12.726182,4.548634999999999,14.545635,14.545636,6.3680889999999994,47.265820000000005
claude_combined_004_20260427T233011698939,3,combined,claude-sonnet-4-6,claude,0.07073507552749761,0.22285668281037901,0.9933757986000001,31.8879042011,13.906249691400001,20,17.19232,4.686101,18.764302999999998,18.227041999999997,6.765496,34.36474
claude_control_003_20260427T233030280578,0,control,claude-sonnet-4-6,claude,0.05639999999999999,0.19785000000000003,0.9168000000000002,31.0682,11.573,20,15.000000000000002,7.500000000000001,15.0,18.5,13.0,31.0
claude_control_014_20260427T233035497780,0,control,claude-sonnet-4-6,claude,0.05669048916997062,0.19855559721572702,0.9165326796999999,31.052060778,11.366683368199999,20,15.075377000000001,7.537689,15.075376999999998,18.592965,12.562814999999999,31.155779
claude_technical_021_20260427T233040523552,2,technical,claude-sonnet-4-6,claude,0.062404157488718,0.1799239568800412,0.7997483606,28.980599032500006,14.3536035431,20,18.526379999999996,6.347282000000002,20.628664,18.516272,17.990702000000002,17.990702
openai_fundamental_022_20260427T233054900857,1,fundamental,gpt-4o,openai,0.059212183482872,0.20133510137214922,0.9393577726000002,31.204414037099998,12.042533927300001,20,16.055046,8.600916999999999,16.055045,16.628439,10.435779,32.22477
openai_combined_024_20260427T233101335247,3,combined,gpt-4o,openai,0.05351800488088661,0.1843767297506926,0.9041052607000002,30.695526349599998,12.091420789399999,20,16.842105,7.894736999999999,17.368421,17.368421,14.210527,26.315789000000002
openai_control_009_20260427T233105609041,0,control,gpt-4o,openai,0.056043836631944594,0.1997612825694446,0.9093749994,30.8540104322,10.8646876658,20,16.145834,8.333334,12.5,18.229166,13.020833000000001,31.770833
openai_fundamental_014_20260427T233112063373,1,fundamental,gpt-4o,openai,0.05734567776543229,0.1922839488271607,0.9516666652000001,31.3192775091,12.005944831199999,20,16.666666,7.7777769999999995,18.333334,16.666666,11.666667,28.888889000000002
openai_technical_006_20260427T233127038720,2,technical,gpt-4o,openai,0.055005433785774785,0.1768506215010266,0.8175824297,29.392912293400002,12.3469226486,20,16.483516,7.692307999999999,18.681318,19.230769,18.681319,19.230769999999996
openai_technical_011_20260427T233131384586,2,technical,gpt-4o,openai,0.055864161097083885,0.1795227960686785,0.8288764151000001,29.4301692173,13.390730144699997,20,16.853932999999998,6.741574,20.786517,18.539327,17.415731,19.662921
openai_fundamental_020_20260427T233136334872,1,fundamental,gpt-4o,openai,0.058371480717030494,0.20030740097831545,0.9489595445000001,31.4119078378,12.077977220499998,20,16.184970999999997,7.514450999999999,16.763006,17.919075,10.404624000000002,31.213873999999997
openai_technical_026_20260427T233141972379,2,technical,gpt-4o,openai,0.05462582085575251,0.1771918840548389,0.8211912470000001,29.7651628752,12.161484212100001,20,16.300940999999998,7.941484,16.823407000000003,20.271683000000003,20.271683000000003,18.390805
openai_technical_001_20260427T233146775326,2,technical,gpt-4o,openai,0.0534074150717242,0.17810864864210882,0.8573565944000002,29.995894858099994,12.820832833499997,20,15.410573999999999,7.874016,17.772779,17.435321000000002,20.359955000000003,21.147357
openai_technical_028_20260427T233159137960,2,technical,gpt-4o,openai,0.05567346981224499,0.17642448951836742,0.8228571389000001,29.4462284422,12.063771709600001,20,16.571429000000002,8.0,17.714286,18.285714,19.428571,20.0
openai_combined_025_20260427T233208277164,3,combined,gpt-4o,openai,0.055694987386693796,0.19203888296452482,0.9531910037999999,31.6647077309,13.748246882199998,20,15.730337,6.404494999999999,16.292134000000004,17.078651999999998,15.730337,28.764045
openai_fundamental_009_20260427T233213158378,1,fundamental,gpt-4o,openai,0.057801559170300096,0.19797859630994868,0.9514942488000001,31.2250001233,12.137528202299999,20,16.091954,7.471264999999999,17.241379000000002,16.091955,12.068966,31.034481999999997
openai_control_029_20260427T233218724353,0,control,gpt-4o,openai,0.057341089830629674,0.19814305488725667,0.9181818412,30.926162412,10.5466667739,20,16.161616999999996,9.59596,13.636364,17.171717,11.616162999999998,31.818181999999993
openai_combined_008_20260427T233223195865,3,combined,gpt-4o,openai,0.055864197024691496,0.1916049368395063,0.9499999989,31.363610929700002,13.2375553659,20,16.666666000000003,6.111111,17.222222000000002,15.555555000000002,16.111111,28.333334
openai_combined_026_20260427T233232140265,3,combined,gpt-4o,openai,0.05302581155457089,0.18573078505102847,0.8883240278000001,30.550503143,11.819832274599996,20,16.201118,7.262569999999998,16.759776,18.994414,14.52514,26.256983
openai_control_024_20260427T233236748871,0,control,gpt-4o,openai,0.0583767324305557,0.20480684475694472,0.9326041338000002,31.345884357700005,11.1270306335,20,15.625,7.8125,13.541666,18.749999,11.458333,32.812499
openai_technical_019_20260427T233241904599,2,technical,gpt-4o,openai,0.05617283682716069,0.17882714972839533,0.8544999709,29.779610196600004,13.059388499699999,20,16.666666,7.222222,20.0,17.222222000000002,17.777777,21.11111
openai_technical_025_20260427T233246473074,2,technical,gpt-4o,openai,0.05924991253563869,0.18628688396037507,0.8833678856999998,30.074767214299992,13.8166321899,20,16.580309999999997,6.735751,19.689118999999998,16.062177,15.025908,25.906735999999995
openai_control_021_20260427T233251183729,0,control,gpt-4o,openai,0.0569661437500002,0.20290797680555578,0.9179166528,31.1632285309,10.6367703281,20,14.583333000000001,8.333334,12.5,19.791666,12.499999,32.291666
openai_fundamental_010_20260427T233255362853,1,fundamental,gpt-4o,openai,0.06071751714350399,0.20784290869624278,0.9552127552000002,31.201807999000003,11.6884577815,20,17.021276,6.914892999999999,17.021277,16.489361,9.574468,32.978723
openai_combined_029_20260427T233300972641,3,combined,gpt-4o,openai,0.059300000000000005,0.19985,0.9602500000000002,31.79075,13.967699999999999,20,17.5,6.5,16.0,17.0,12.0,31.0
openai_control_018_20260427T233305267346,0,control,gpt-4o,openai,0.058201055238095406,0.2051734162022342,0.933439138,31.275819500399994,11.202275179599999,20,15.343914999999999,7.936508000000001,13.756614,17.460317,12.169312,33.333332
openai_combined_001_20260427T233309413094,3,combined,gpt-4o,openai,0.0575373224547498,0.19599682749504577,0.9586781427000002,31.538907857999998,13.390804146099999,20,16.091954,6.321839,18.390804,14.942529999999998,14.367816,29.885057
openai_fundamental_015_20260427T233315103216,1,fundamental,gpt-4o,openai,0.05422116584700771,0.18588188804676992,0.9202298892000002,30.774046219899997,11.9960804115,20,16.436781,8.16092,17.816092,16.206897,14.137932000000001,27.241379
openai_combined_028_20260427T233319947484,3,combined,gpt-4o,openai,0.0535310092168403,0.1837369829176099,0.9153191428999999,31.2247868848,12.7312765879,20,16.489362000000003,7.978722999999999,15.425532,18.617021,15.425530999999998,26.06383
openai_control_026_20260427T233328643850,0,control,gpt-4o,openai,0.0559895839583335,0.19900173743055571,0.9097916824000001,30.970208688499994,11.0578125825,20,14.583334,8.333334,13.541667000000002,19.791666,12.5,31.25
openai_control_007_20260427T233332943070,0,control,gpt-4o,openai,0.0553193732840899,0.1932723925730687,0.8926288512000002,30.4119064326,10.547422733900001,20,14.948453,8.247422,14.948453,18.5567,13.402060999999998,29.896908
openai_fundamental_027_20260427T233337345357,1,fundamental,gpt-4o,openai,0.05560657328231828,0.1888072746270793,0.9128788143,30.690051359199998,11.291364005,20,15.656566999999999,9.090909,17.171717,18.181818,11.616162999999998,28.282829
openai_technical_015_20260427T233351578112,2,technical,gpt-4o,openai,0.054099744581572386,0.17757516418307,0.8472527326999999,29.770493829,12.509890021899999,20,15.934065,7.692307999999999,18.681319,18.131867,18.681319,20.87912
openai_combined_007_20260427T233401506525,3,combined,gpt-4o,openai,0.0564307873760332,0.18698347642561997,0.9217613755999999,31.015511839400006,12.996761335099999,20,17.045454999999997,8.522727999999999,17.613636999999997,17.613637,11.931818,27.272726999999996
openai_technical_000_20260427T233406216265,2,technical,gpt-4o,openai,0.0557675296578251,0.1769482054729711,0.8286740398,29.378121774399997,12.3935914112,20,17.127073,7.734806,19.889503,17.679558,17.679558,19.889503
openai_control_028_20260427T233416760564,0,control,gpt-4o,openai,0.05471768912527109,0.19290223981713672,0.9083009346000003,30.781261086600004,10.4518926471,20,15.53398,8.737864,13.592233,17.961165,14.077669,30.097086
openai_control_023_20260427T233421865971,0,control,gpt-4o,openai,0.05685313355055769,0.20006728122452952,0.9095588160000001,30.7829412624,10.8364213419,20,14.215686999999999,9.803922000000002,13.725491000000002,18.137255999999997,11.764705000000001,32.352940000000004
openai_technical_014_20260427T233426387274,2,technical,gpt-4o,openai,0.059717266105166006,0.1785572724296474,0.8236206971,29.394023238100004,13.430057638799997,20,17.816092,6.896552,19.540228999999997,17.241379000000002,19.54023,18.965518
openai_combined_010_20260427T233442877012,3,combined,gpt-4o,openai,0.05393078993790121,0.18704424428405797,0.9079187828,30.675634413999997,12.2205585933,20,16.751269,7.614213,17.258884,16.751269,14.213197,27.411167999999996
openai_control_012_20260427T233446771134,0,control,gpt-4o,openai,0.053973301656753,0.18987966519996738,0.8820418811,30.6554973032,10.7576438662,20,15.706807000000001,8.900524,13.612564999999998,20.418848,13.089004000000001,28.272251999999998
openai_combined_013_20260427T233450551878,3,combined,gpt-4o,openai,0.0540973531115314,0.1863303405179586,0.9245326124000001,31.114423936,12.508858712,20,16.521739000000004,8.152174,16.956521,16.086956,14.673914,27.608696
openai_technical_017_20260427T233459653141,2,technical,gpt-4o,openai,0.0542100497781803,0.1779085533476687,0.8437233961999999,29.881648635699996,12.6013298565,20,16.489362,7.446807999999999,18.617021,19.148936,17.553190999999998,20.744681
openai_control_027_20260427T233504381299,0,control,gpt-4o,openai,0.05900277391689771,0.20781164996675952,0.9374210842,31.4844220584,10.5531580708,20,15.263159000000002,8.421052,11.578947000000001,18.947369,12.105264,33.684212
openai_combined_018_20260427T233508588151,3,combined,gpt-4o,openai,0.05472971034965438,0.18966434112930777,0.9171957738,30.815608627799993,12.407989561900001,20,16.402116,7.936508000000001,16.931216999999997,16.931216999999997,13.227514000000001,28.571427999999997
openai_control_016_20260427T233528711049,0,control,gpt-4o,openai,0.055582784889716706,0.1959611763572199,0.9044554365000002,30.8713858299,10.6685147448,20,15.841584000000001,8.910891,13.861386000000001,18.811881,11.881188,30.693069
openai_control_010_20260427T233533144614,0,control,gpt-4o,openai,0.061551511017061106,0.21467621023847713,0.9536407504000002,31.297183530199998,11.201407375099999,20,16.019417,9.223301000000001,12.621358999999998,15.53398,10.67961,35.92233
openai_fundamental_005_20260427T233537759698,1,fundamental,gpt-4o,openai,0.059320914710001504,0.2052450808151673,0.9512643570000001,31.272011600199995,12.507356314999997,20,15.517242000000001,6.321839,18.965517,17.816093,9.770115,31.609195
openai_fundamental_000_20260427T233542407224,1,fundamental,gpt-4o,openai,0.0613864103895217,0.2136383879374851,0.9546783697000003,31.381696032200004,12.3952630109,20,15.204678,6.432749,17.54386,18.128655,8.77193,33.918129
openai_fundamental_012_20260427T233547209950,1,fundamental,gpt-4o,openai,0.0603729351795465,0.2057420298185315,0.9774215783999999,31.854059237900003,12.8453926371,20,16.078432,7.058823,15.980391999999998,17.647059000000002,10.490196000000001,32.745098999999996
openai_technical_012_20260427T233551994767,2,technical,gpt-4o,openai,0.05851469745306939,0.1785965041390682,0.836961347,29.6313262421,12.559889651099999,20,17.679558,7.182320000000001,18.232044,17.679557000000003,17.679558,21.546962999999998
openai_combined_014_20260427T233556181624,3,combined,gpt-4o,openai,0.05497709355060409,0.18919200544356551,0.9174489715000002,31.189285824500008,12.669540522499998,20,14.795919,7.653061999999999,16.836735,19.89796,13.265305,27.551020000000005
openai_combined_000_20260427T233600599144,3,combined,gpt-4o,openai,0.05397555131986359,0.1863768452826456,0.9335028346,31.1961022682,12.7307910949,20,16.949153,7.344633,16.384181,15.81921,16.384180999999998,27.118644000000003
openai_combined_012_20260427T233605715518,3,combined,gpt-4o,openai,0.0547193301991853,0.18792439949977388,0.9372340409000001,31.2156379468,12.8323936294,20,15.957447,7.978722999999999,17.021277,15.957446000000001,14.893615999999998,28.191489999999998
openai_control_004_20260427T233610938250,0,control,gpt-4o,openai,0.05786236064398329,0.20458477412918147,0.9067156753,30.921666652899997,10.872892111699999,20,16.176471,7.843138,13.235294999999999,19.607844000000004,10.784313,32.35294
openai_fundamental_001_20260427T233615443414,1,fundamental,gpt-4o,openai,0.054052457098298805,0.18649574613421563,0.9049456515,30.6667391685,11.624184976,20,15.217391000000003,8.695651999999999,17.391303999999998,17.391305000000003,13.586957,27.717391000000003
openai_combined_027_20260427T233619510070,3,combined,gpt-4o,openai,0.0540433936489153,0.18721893852465493,0.9243589846,31.244154246200004,12.938871671,20,15.897436,7.692308000000001,15.897436,17.435897999999998,15.384615000000002,27.692307999999997
openai_combined_016_20260427T233623746864,3,combined,gpt-4o,openai,0.05479224307479239,0.18792243748476462,0.9208421058000003,31.0568947983,12.660525991499998,20,16.315789,7.894736999999999,16.842105,17.368421,13.684211000000001,27.894737000000003
openai_control_005_20260427T233627835731,0,control,gpt-4o,openai,0.06004889208204938,0.21373154512488118,0.9320618925999999,31.240516264500005,10.3349489765,20,15.463918,8.247422,11.340206,18.5567,11.340207999999999,35.051548
openai_fundamental_006_20260427T233632443857,1,fundamental,gpt-4o,openai,0.05737024037370263,0.19474047980622863,0.9357058577999999,31.1314699087,12.2217054642,20,15.294118000000001,8.823528999999999,17.058823,18.235294000000003,10.588234,30.000000000000004
openai_control_003_20260427T233652277188,0,control,gpt-4o,openai,0.057989292887566976,0.20423557579060103,0.9248780438999998,31.0099511508,10.8619998593,20,15.121951,8.780488,13.170732,18.048780999999998,11.707315999999999,33.170732
openai_control_015_20260427T233656510693,0,control,gpt-4o,openai,0.054717691940805106,0.1925723406183431,0.9011164916000001,30.8125724278,10.951455956699998,20,15.533980999999999,9.708738,13.592233,18.446602000000002,12.621357999999999,30.097087000000002
openai_technical_013_20260427T233700506039,2,technical,gpt-4o,openai,0.05902032844085368,0.17958592002903706,0.8407865300999999,29.902191696699997,12.678426915799996,20,15.730337,6.741574,19.101124,19.662922,19.101125,19.662921
openai_fundamental_021_20260427T233709869941,1,fundamental,gpt-4o,openai,0.057000381821739894,0.1955561289660399,0.9538202537000001,31.6021918364,12.2411803669,20,14.606742,7.865169,16.853933,17.977528,12.359551,30.33708
openai_fundamental_023_20260427T233721299975,1,fundamental,gpt-4o,openai,0.055585032120720496,0.19159826700852048,0.9026815623999999,30.821508554799998,11.308770801899996,20,15.642459,8.379889,16.759776,20.670391,10.614525,27.932961
openai_fundamental_026_20260427T233726098711,1,fundamental,gpt-4o,openai,0.060077281461176406,0.20504768407318,0.9706043635000001,31.5224163786,11.981153432400001,20,15.934066,7.142856999999999,15.934065,16.483514999999997,11.538461,32.967032
openai_combined_004_20260427T233749823395,3,combined,gpt-4o,openai,0.0545606004539777,0.1874739718408997,0.9133673514,31.125051152300006,13.038163537899997,20,16.326531,6.632653000000001,15.816327,19.387755000000002,15.306123,26.530611999999998
openai_control_002_20260427T233754775483,0,control,gpt-4o,openai,0.056873986712817896,0.1995240681925367,0.9312093013000001,31.019953684,11.0444184857,20,14.883721,8.372094,14.418603999999998,17.209303000000002,13.023256,32.093022999999995
openai_technical_002_20260427T233759997240,2,technical,gpt-4o,openai,0.053254438064243584,0.1759449347144066,0.8273076976,29.484835378199996,11.8623078386,20,16.483516,8.241757999999999,18.131868,18.681319,18.131869,20.32967
openai_fundamental_011_20260427T233804721931,1,fundamental,gpt-4o,openai,0.055393587463557006,0.18757809774260742,0.9030612255000001,30.635357488300006,11.074081412,20,16.326531,8.67347,17.346939,19.387755999999996,11.224490000000001,27.040816
openai_technical_029_20260427T233809302637,2,technical,gpt-4o,openai,0.06077083716083599,0.1808077768715164,0.852222231,29.975906948,13.2532744257,20,16.959064,6.432749,17.543859,17.543861,19.883041000000002,21.637427999999996
openai_combined_009_20260427T233818122850,3,combined,gpt-4o,openai,0.05259667740332639,0.18115499773390514,0.8907576124,30.576768992399998,12.2376771509,20,15.656566,8.585859,17.171717,18.181818999999997,15.151516999999998,25.252525999999996
openai_technical_024_20260427T233839453143,2,technical,gpt-4o,openai,0.057718422713897884,0.18130374817564526,0.8469680647999999,29.783722517399998,14.276808628799998,20,15.957445999999997,6.3829780000000005,19.148936,17.021276,21.276594999999997,20.212766
openai_fundamental_017_20260427T233843719755,1,fundamental,gpt-4o,openai,0.060049570610648514,0.2036788276299683,0.9761202297,31.982623682299998,12.2179234873,20,15.846995,7.103825999999999,15.846995,18.032788,10.928962,32.240437
openai_combined_021_20260427T233847508801,3,combined,gpt-4o,openai,0.053763989417174696,0.1843479226360113,0.9127684257000002,31.075389693299996,12.424231604700001,20,16.210527,8.210526999999999,16.31579,18.315789,14.421053,26.526315
openai_control_025_20260427T233851505430,0,control,gpt-4o,openai,0.061072442656602284,0.21360650489363792,0.9477227628,31.210692757199997,10.944950385599999,20,13.861386000000001,8.910891,13.861386000000001,16.831683,10.891089,35.643564
openai_fundamental_008_20260427T233911938822,1,fundamental,gpt-4o,openai,0.056018386455999394,0.189504933325673,0.9299435135999998,31.167796618599997,11.490452260200001,20,16.384181,8.474576,16.384182,18.644066999999996,11.864405999999999,28.248588
openai_control_013_20260427T233920639264,0,control,gpt-4o,openai,0.059114669168455515,0.20941390676296068,0.9204020035999999,31.0187438596,10.7084420505,20,15.075377000000001,9.045226,13.065326999999998,18.592966,10.050251000000001,34.17085399999999
openai_combined_023_20260427T233924711169,3,combined,gpt-4o,openai,0.054617731519834394,0.18675288922594557,0.9105290907,31.2619575785,13.0933860123,20,16.931216999999997,6.878307,15.343914999999999,19.047618999999997,15.343915999999998,26.455025999999997
openai_control_022_20260427T233929227469,0,control,gpt-4o,openai,0.0632199609705217,0.22485263019501187,0.9627619528999999,31.6405730106,11.699714870699998,20,16.190477,6.666667000000001,13.333333999999999,17.142858,9.523810000000001,37.142858999999994
openai_technical_004_20260427T233933322727,2,technical,gpt-4o,openai,0.055570579448350595,0.17915089355597635,0.8490116448000001,29.8511630171,12.5811047559,20,16.860464999999998,6.976744,18.604651,18.023255,18.023256,21.511629
openai_fundamental_003_20260427T233937995909,1,fundamental,gpt-4o,openai,0.061340044303240214,0.20552489518602202,0.9815507898,31.822780464399997,12.981978538500003,20,14.973262000000002,7.486631000000001,18.716578,16.042781,10.160427,32.620321000000004
openai_control_000_20260427T233942493900,0,control,gpt-4o,openai,0.05506078836710449,0.19216676238054808,0.9055665187000002,30.764236885700004,11.076207093799999,20,15.763548,9.359606000000001,14.285713999999999,17.73399,12.807882000000001,30.049260999999998
openai_fundamental_028_20260427T233946137461,1,fundamental,gpt-4o,openai,0.0572839502716051,0.19216049283950631,0.9533333354000001,31.234055349600002,11.8742223628,20,15.555554999999998,8.333333,17.777777999999998,16.666666000000003,12.222221999999999,29.444445
openai_combined_019_20260427T233950377134,3,combined,gpt-4o,openai,0.054599999999999996,0.18995,0.90495,30.708350000000003,12.2225,20,15.5,7.500000000000001,17.0,19.0,13.0,28.000000000000004
openai_fundamental_025_20260427T233954577065,1,fundamental,gpt-4o,openai,0.059608086572278805,0.2001641578044528,0.951988321,31.17345080020001,12.0245028639,20,16.374268999999998,8.187135000000001,18.713451,16.374268999999998,9.356726,30.994151999999996
openai_fundamental_007_20260427T234002329991,1,fundamental,gpt-4o,openai,0.054982718083950805,0.18720741350370398,0.9074666906,30.6881894213,11.425011455599998,20,16.444445,9.0,17.000000999999997,17.777777,12.000001000000001,27.777777999999998
openai_combined_003_20260427T234011173294,3,combined,gpt-4o,openai,0.05443578691868991,0.1839111432518143,0.8954098504000001,30.282022662600003,11.914371312500002,20,15.846995,8.196722,18.032787,17.48634,14.207650999999998,26.229508000000003
openai_fundamental_013_20260427T234015052423,1,fundamental,gpt-4o,openai,0.058232285659605705,0.19620160466325787,0.9490810764,31.048053808899997,12.323729390299999,20,15.135135,8.108108,19.459459000000003,17.297297,10.27027,29.72973
openai_technical_022_20260427T234019569657,2,technical,gpt-4o,openai,0.05410640663223161,0.1798166391322318,0.8482386480999999,29.7590914752,13.483977064199998,20,16.477274,6.818182,19.318181000000003,18.181818999999997,17.613636,21.59091
openai_fundamental_004_20260427T234023285585,1,fundamental,gpt-4o,openai,0.0579702279612478,0.19550803901701344,0.9473043605999999,31.1342831632,11.9718806137,20,15.760870000000002,8.152174,19.021739,17.065218,10.326088000000002,29.673913000000002
openai_technical_008_20260427T234027660017,2,technical,gpt-4o,openai,0.05795132468336501,0.17852079985349745,0.8231521906000001,29.473859327099998,12.5801081953,20,17.391303999999998,7.065218000000001,19.565217,19.021740000000005,16.847827000000002,20.108696000000002
openai_combined_005_20260427T234031699525,3,combined,gpt-4o,openai,0.053590008626431,0.18308474193085916,0.9106989171999998,30.990214684700003,12.6064513776,20,15.591398000000002,8.064516,17.204301,18.279569000000002,15.053762999999998,25.806450999999996
openai_combined_022_20260427T234036252158,3,combined,gpt-4o,openai,0.05514886762854459,0.18602316570888502,0.9214456676000002,31.04948978439999,12.743956259800001,20,15.217391,8.152174,17.391304,17.934784,14.130435000000002,27.173914
openai_combined_002_20260427T234040253246,3,combined,gpt-4o,openai,0.05623268849307499,0.1944598402049864,0.9274737047000001,31.067474392000005,12.962684017199999,20,16.315789,6.842106,17.368421,17.368421,12.631580000000001,29.473685
openai_combined_017_20260427T234044491623,3,combined,gpt-4o,openai,0.05539192080185321,0.1931139073516544,0.9314973392999999,31.101390885600004,13.4857756996,20,15.508021999999999,6.951872000000001,17.647059,16.042781,14.438502999999999,29.411765000000003
openai_control_001_20260427T234048343182,0,control,gpt-4o,openai,0.05789254390045841,0.20746563323406958,0.9318877402000001,31.29658139410001,11.403877306299998,20,14.795919,7.653061999999999,13.265306999999998,18.367347000000002,12.244897,33.673468
openai_fundamental_002_20260427T234106940499,1,fundamental,gpt-4o,openai,0.0684669186000194,0.22965943257556942,1.0191525764,32.3800577681,12.7284749391,20,16.949153,6.214690000000001,15.819209,14.689266,8.474578000000001,37.853108
openai_technical_007_20260427T234111378008,2,technical,gpt-4o,openai,0.05572998207221368,0.1795072951080789,0.8351098570999999,29.426317561500003,12.663735764099997,20,17.582417,7.142856999999999,17.582417,17.582417,17.582417,22.527472
openai_fundamental_029_20260427T234115890080,1,fundamental,gpt-4o,openai,0.0577821188071184,0.2000244192845152,0.9296132568000001,30.886408859299998,11.862430747,20,15.469612999999999,7.734806999999999,16.574585,17.679558,11.049724,31.491712999999997
openai_combined_015_20260427T234124692719,3,combined,gpt-4o,openai,0.0582098756790125,0.1993827120617285,0.9469999910000001,31.123555229900003,13.3019440906,20,18.333333,6.6666669999999995,16.111111,13.888889,13.888888,31.111111
openai_fundamental_018_20260427T234128677187,1,fundamental,gpt-4o,openai,0.061023157556711005,0.19966919187618165,0.9721739193000001,31.701087363,12.7683695719,20,15.760870000000002,8.695653,19.021739,16.304348,9.239131,30.978261
openai_fundamental_019_20260427T234132988299,1,fundamental,gpt-4o,openai,0.05607277908506631,0.19485113654536868,0.935663043,31.2111088439,12.335293482800001,20,15.217391,7.608696000000001,16.847825999999998,17.934783,12.391305,30.0
openai_control_008_20260427T234137898830,0,control,gpt-4o,openai,0.05540251328435889,0.19503112911029513,0.8924242676,30.583990689100002,10.780858660899998,20,14.141414,9.09091,14.646465000000001,19.69697,12.121213,30.303031000000004
openai_fundamental_024_20260427T234157937338,1,fundamental,gpt-4o,openai,0.0608439982618866,0.2039159370670588,0.9606936442,31.3630059004,11.744971222399998,20,16.184970999999997,7.514450999999999,17.919075,15.606936,10.404624000000002,32.369943
openai_technical_027_20260427T234201983831,2,technical,gpt-4o,openai,0.0561728359382718,0.18055554266666698,0.8451110820000001,29.6829990045,13.317888658900001,20,17.222220999999998,6.666666,18.888888,18.333333,16.666666,22.222222
openai_combined_011_20260427T234207038063,3,combined,gpt-4o,openai,0.054948095702422324,0.1913494780899655,0.9264117579000001,31.230352592500008,12.544705625099999,20,15.882352,6.470588000000001,17.647059000000002,17.647059000000002,14.117647,28.235294
openai_control_020_20260427T234211187323,0,control,gpt-4o,openai,0.0573169942929348,0.20295610122406538,0.9289861536999999,31.024146840300002,11.268294426699997,20,13.824884,9.21659,13.824884,17.511521,12.442395000000001,33.179724
openai_technical_020_20260427T234217125611,2,technical,gpt-4o,openai,0.05523292789799289,0.1780709630703199,0.8632584576000001,30.029270673999996,12.524382391,20,15.730337,7.865168000000001,19.101124,17.415731,17.97753,21.910113
openai_control_019_20260427T234221319959,0,control,gpt-4o,openai,0.05478313362008961,0.19188696512432377,0.9146919340000002,30.9097623935,10.938246109,20,15.165877,9.004739,14.691942999999998,18.009477,13.270143000000001,29.857818999999996
openai_control_014_20260427T234225615376,0,control,gpt-4o,openai,0.0543523545689298,0.1911703496168266,0.8918877579000001,30.535102402300005,10.920918171200002,20,15.306123,9.183674,14.285715,18.367348,13.265306000000002,29.591836000000004
openai_combined_020_20260427T234230132734,3,combined,gpt-4o,openai,0.05408695080553059,0.1847320619768422,0.9088268071,31.1879887843,12.578547093599997,20,15.642458000000001,7.262569999999998,16.201116999999996,19.553072999999998,15.642457999999998,25.698324
openai_control_006_20260427T234234123501,0,control,gpt-4o,openai,0.0562,0.19360000000000002,0.9129,30.847800000000003,10.524499999999998,20,15.0,9.0,15.0,19.0,12.0,30.000000000000004
openai_combined_006_20260427T234238006147,3,combined,gpt-4o,openai,0.052288369140200595,0.18343194612848698,0.8724725182999999,30.3654940429,11.736538443399999,20,14.835164,8.241757999999999,17.032967,20.32967,14.285713999999999,25.274724999999997
openai_control_011_20260427T234245592473,0,control,gpt-4o,openai,0.060876383450642106,0.21439074171747868,0.9414851391,31.1384155302,10.576237517999997,20,14.851485,7.9207920000000005,12.871286999999999,16.831683,11.881188,35.643564
openai_technical_003_20260427T234249995129,2,technical,gpt-4o,openai,0.0585942666732727,0.17908574666534569,0.8493678275000001,29.6385635345,13.2002301454,20,16.091955,7.471264999999999,20.114942,17.241379000000002,17.241379000000002,21.839081
openai_technical_005_20260427T234302589769,2,technical,gpt-4o,openai,0.05447910774926381,0.1761159812215392,0.8252727187999997,29.769539657099997,12.3820429161,20,16.470588,8.235293999999998,17.112299,20.106951000000002,19.251337,18.823529
openai_control_017_20260427T234314561192,0,control,gpt-4o,openai,0.05643532830800319,0.1987990250037202,0.8981958956000001,30.706907454199996,10.426134498100001,20,16.494844999999998,8.762886,12.371134,18.5567,12.371134999999999,31.443299999999997
gemini_control_009_20260428T195747043792,0,control,gemini/gemini-2.5-pro,gemini,0.0668,0.23055,0.98955,32.6757,11.7949,20,14.500000000000002,7.000000000000001,13.0,19.0,8.5,38.0
gemini_technical_024_20260428T195800027134,2,technical,gemini/gemini-2.5-pro,gemini,0.10287488346518708,0.20159597389985492,0.7746436444999999,28.894826585900006,18.8112412121,20,20.919540000000005,2.873563,21.264367,15.517241,26.781609,12.643677
gemini_combined_005_20260428T195812501094,3,combined,gemini/gemini-2.5-pro,gemini,0.0711346260082306,0.2018140594557824,0.9274603128000002,30.9614814683,14.322222177699999,20,17.460316999999996,5.291005,19.57672,16.402117,11.111111,30.15873
gemini_combined_024_20260428T195828178766,3,combined,gemini/gemini-2.5-pro,gemini,0.0713396568131765,0.19691022200772468,0.8853672659000001,30.6663287004,15.7892096264,20,18.079096,3.389831,18.079097,19.209039999999998,14.124293999999999,27.118644999999997
gemini_combined_002_20260428T195842206909,3,combined,gemini/gemini-2.5-pro,gemini,0.0704320993456792,0.2004320987901236,0.8702222257000001,29.700111253100005,14.135777583499998,20,18.888888,6.111110999999999,20.0,17.222222999999996,8.888888999999999,28.888889000000002
gemini_fundamental_000_20260428T195857364556,1,fundamental,gemini/gemini-2.5-pro,gemini,0.0643039106167242,0.2154754919319172,1.026613746,32.0817460096,12.892645068699997,20,12.698412000000001,10.582011,15.873015000000002,11.640213,12.698411999999998,36.507937
gemini_combined_003_20260428T195911393266,3,combined,gemini/gemini-2.5-pro,gemini,0.0723739946530316,0.2166544899401024,0.9765405365000001,32.0044324512,14.825999997199999,20,15.135135,3.783784,16.756757,16.216217,13.513513,34.594594
gemini_technical_027_20260428T195926133186,2,technical,gemini/gemini-2.5-pro,gemini,0.0669709971459452,0.1811726533710352,0.7390731412,28.125541279100002,14.662636897,20,19.773429,6.797117,21.215243,20.494336,16.683830999999998,15.036046
gemini_combined_006_20260428T200031774423,3,combined,gemini/gemini-2.5-pro,gemini,0.07097151021767731,0.1894229299284151,0.8882161957000001,30.711404986399998,16.0314050412,20,16.216216,4.324325,17.837836999999997,17.837838,18.918919000000002,24.864864
gemini_combined_019_20260428T200044673395,3,combined,gemini/gemini-2.5-pro,gemini,0.0743110388957899,0.21644143642582947,0.9265921987999999,30.905475383500004,14.673072691399998,20,16.759776,3.910615,19.553072999999998,17.877095,8.938547999999999,32.960894
gemini_fundamental_017_20260428T200058428499,1,fundamental,gemini/gemini-2.5-pro,gemini,0.05920221923878141,0.19505375011412782,0.9829789777000001,31.549779621399995,12.4719056462,20,13.684211000000001,9.157893999999999,18.842106,15.684209999999998,12.105263999999998,30.526317000000002
gemini_technical_019_20260428T200111915762,2,technical,gemini/gemini-2.5-pro,gemini,0.0863020411265308,0.1879836795591838,0.7784571612,28.913829148299996,16.2029143952,20,19.428572000000003,4.571429,21.714285999999998,18.285714,21.714285999999998,14.285715
gemini_technical_028_20260428T200124309427,2,technical,gemini/gemini-2.5-pro,gemini,0.1022647760421043,0.1897763319167999,0.7820635235000001,29.039895294400004,15.0287832142,20,20.634921000000002,4.7619050000000005,22.222222000000002,16.931218,22.222223000000003,13.227514000000001
gemini_fundamental_002_20260428T200137002487,1,fundamental,gemini/gemini-2.5-pro,gemini,0.0649950333120354,0.22467716953099415,1.0065803111999998,31.731657995599996,13.0732641088,20,15.544041,6.217617,16.580311,13.471502999999998,10.880829,37.305699
gemini_control_016_20260428T200148645823,0,control,gemini/gemini-2.5-pro,gemini,0.06739999999999999,0.2323,1.00415,32.6121,12.508899999999999,20,15.5,6.5,13.0,15.5,10.5,39.0
gemini_technical_002_20260428T200159841887,2,technical,gemini/gemini-2.5-pro,gemini,0.11702887226405469,0.2215080049566371,0.7829292850999998,29.385757281900002,21.9974745275,20,20.202019999999997,3.0303029999999995,17.171716999999997,14.141414,34.343434,11.111111
gemini_technical_022_20260428T200246743805,2,technical,gemini/gemini-2.5-pro,gemini,0.10018334105063659,0.1988748749289976,0.7787513761,28.9477940996,18.201585883899998,20,20.584926,3.0371200000000003,21.822271999999998,15.860515999999999,25.646794,13.048368000000002
gemini_combined_007_20260428T200300468948,3,combined,gemini/gemini-2.5-pro,gemini,0.0719723196608998,0.1955709331557094,0.9185294153000001,31.2415296042,16.1975295984,20,17.058824,4.117647000000001,20.0,18.235294,13.529412000000002,27.058822999999997
gemini_fundamental_021_20260428T200314387582,1,fundamental,gemini/gemini-2.5-pro,gemini,0.0656723307341891,0.2205457219551395,1.0083333115,31.744892054100003,12.9076881794,20,14.516129,8.602151,18.27957,12.903226,9.139783999999999,36.559139
gemini_technical_008_20260428T200327699401,2,technical,gemini/gemini-2.5-pro,gemini,0.1366666693333334,0.20617284182716064,0.7153333308000001,28.214999898600002,17.187666796600002,20,25.555556000000003,2.222222,23.333333999999997,22.222222000000002,15.555554999999998,11.111111
gemini_control_008_20260428T200409277177,0,control,gemini/gemini-2.5-pro,gemini,0.0654340688116879,0.2258830161549541,0.9653946256,32.0091213591,11.0837264624,20,12.587412,6.293706,13.686314,19.580419999999997,10.789210999999998,37.062938
gemini_technical_001_20260428T200423817681,2,technical,gemini/gemini-2.5-pro,gemini,0.11336830298840612,0.20064150266497432,0.7316184534,28.129073553999998,16.0791326551,20,24.855491,2.312138,23.121387,17.341039,19.653178,12.716762000000001
gemini_combined_008_20260428T200438054519,3,combined,gemini/gemini-2.5-pro,gemini,0.06727601323838901,0.1926878603145926,0.8851031075,30.2600520752,14.174639321799999,20,15.979380999999998,5.670103,17.01031,17.525774,15.463918,28.350516000000002
gemini_combined_018_20260428T200453918588,3,combined,gemini/gemini-2.5-pro,gemini,0.07488592151619511,0.1993505243531817,0.9402645592000002,31.4041272398,15.076983810499998,20,16.931216999999997,4.232805000000001,17.460317,16.931216999999997,14.814815000000001,29.629630000000002
gemini_control_007_20260428T200508160337,0,control,gemini/gemini-2.5-pro,gemini,0.06729628171359332,0.2294133999414159,0.9944723844,32.7393472811,11.618743862099999,20,13.567838999999998,7.537689,12.562814,18.592964000000002,9.547740000000001,38.190954999999995
gemini_control_001_20260428T200521778762,0,control,gemini/gemini-2.5-pro,gemini,0.06929786302145119,0.23884526168860618,0.9805741505999999,32.2870809274,11.3104783084,20,14.354066,6.220095000000001,13.397129000000001,19.138755999999997,7.655502,39.234449999999995
gemini_technical_018_20260428T200537295045,2,technical,gemini/gemini-2.5-pro,gemini,0.0852969626559722,0.1888517829399832,0.7577094883999999,28.5574299361,16.2934637572,20,20.111732,5.027933,21.787709,19.553072999999998,21.22905,12.290503
gemini_technical_010_20260428T200551677489,2,technical,gemini/gemini-2.5-pro,gemini,0.11111111521657278,0.200357518100802,0.7353107842000001,28.8443521285,17.511638815199998,20,23.163842999999996,2.824859,18.644068,22.0339,22.598871,10.734465
gemini_control_026_20260428T200606221279,0,control,gemini/gemini-2.5-pro,gemini,0.0667113272096681,0.23146692024581947,0.9922334807,32.25954247599999,11.8879184273,20,15.736040000000001,6.598984,13.705582999999999,16.243655,9.137055,38.57868
gemini_technical_020_20260428T200620250170,2,technical,gemini/gemini-2.5-pro,gemini,0.09577142948571439,0.19288163408979603,0.7381142813999999,28.342914206799996,16.107428578,20,21.714285999999998,4.0,20.0,18.285714,23.428572000000003,12.571428
gemini_control_021_20260428T200643493789,0,control,gemini/gemini-2.5-pro,gemini,0.0651246177136943,0.21976717456427888,0.9847236209,32.162563085200006,11.458542384999996,20,15.075377000000001,7.537689,13.065326999999998,16.582915,11.055277,36.683415999999994
gemini_fundamental_022_20260428T200657630680,1,fundamental,gemini/gemini-2.5-pro,gemini,0.060058593020833495,0.19455294715277788,0.9791666579000002,31.2846350439,12.9870312948,20,13.020832999999998,9.895834,20.3125,13.541666,13.020833000000001,30.208333
gemini_fundamental_011_20260428T200710636102,1,fundamental,gemini/gemini-2.5-pro,gemini,0.057851069547567704,0.18867160919642992,0.9519073565000001,30.9956437512,13.061747991500003,20,12.942301,9.595154,19.519712,15.949421000000003,13.579854,28.413559
gemini_fundamental_020_20260428T200722610182,1,fundamental,gemini/gemini-2.5-pro,gemini,0.07606170086951672,0.2465496495350077,1.0326984255,31.936561140899997,11.978041896299999,20,14.814814999999998,6.349207,17.989417000000003,13.227512999999998,6.878308,40.740741
gemini_technical_006_20260428T200736232206,2,technical,gemini/gemini-2.5-pro,gemini,0.09126890564744822,0.19925567957466944,0.7198369858000001,27.9417943408,15.292065716,20,25.000000000000007,4.347826,22.28261,16.847826,21.739131,9.782609
gemini_fundamental_009_20260428T200757426595,1,fundamental,gemini/gemini-2.5-pro,gemini,0.06172839504938291,0.2008641982469137,0.9689444415999999,30.9344445832,12.4601667914,20,14.444445,10.0,20.555556,12.777778000000001,10.555556,31.666666
gemini_technical_007_20260428T200813361734,2,technical,gemini/gemini-2.5-pro,gemini,0.08006995678529921,0.18688170871998003,0.7492460686,28.376793833699995,15.135838329599999,20,22.638029,5.6622189999999994,20.750623,16.986657,20.750622000000003,13.211844000000001
gemini_fundamental_004_20260428T200826487248,1,fundamental,gemini/gemini-2.5-pro,gemini,0.0660366688456317,0.21491625521729313,1.0134574547,31.960745122600002,12.863138797300001,20,12.765958,6.3829780000000005,19.680851,15.425533,11.170213,34.574468
gemini_technical_000_20260428T200841974098,2,technical,gemini/gemini-2.5-pro,gemini,0.08545305923265319,0.1858285646857144,0.7887999783999999,29.0732565106,15.0214280404,20,20.571428,5.142857000000001,21.142857,17.142857,21.142857,14.857142000000001
gemini_fundamental_008_20260428T200854877729,1,fundamental,gemini/gemini-2.5-pro,gemini,0.06604938028395081,0.2109259154074076,0.9913888727000001,31.5366105622,12.363666417,20,15.0,8.888888999999999,19.999999000000003,13.333333,8.888888999999999,33.888888
gemini_fundamental_029_20260428T200908498344,1,fundamental,gemini/gemini-2.5-pro,gemini,0.06799123330606299,0.22132943510299502,1.0368108151000002,32.307459559600005,13.600540293699998,20,14.054053999999999,6.4864869999999994,19.459459000000003,12.432431999999999,11.351352,36.216216
gemini_fundamental_025_20260428T200922865613,1,fundamental,gemini/gemini-2.5-pro,gemini,0.0646700853584507,0.2201207071331533,0.9860301605999999,31.320452652299995,12.265829595599998,20,15.075377000000001,8.040201,17.085428,13.065326999999998,10.050251000000001,36.683417
gemini_technical_016_20260428T200938800482,2,technical,gemini/gemini-2.5-pro,gemini,0.09815187279134371,0.2020173115994767,0.7170056772000001,28.166724144000003,17.665536866500002,20,24.858758,2.824859,21.468926999999997,19.20904,21.468926999999997,10.169492
gemini_control_022_20260428T201008300820,0,control,gemini/gemini-2.5-pro,gemini,0.07215,0.25039999999999996,0.9907000000000001,32.42405,11.649349999999998,20,13.5,6.0,13.5,19.5,6.5,41.0
gemini_technical_003_20260428T201022324578,2,technical,gemini/gemini-2.5-pro,gemini,0.08242813271616811,0.18708500505007392,0.7407700292999999,28.588708947500002,14.827791892099999,20,23.08027,5.775505,19.088536,20.861430999999996,18.653469,12.540786
gemini_technical_005_20260428T201100416958,2,technical,gemini/gemini-2.5-pro,gemini,0.07308004417523001,0.18205787041644142,0.7206976767000001,27.4036629432,15.1112212328,20,19.186047,6.976744000000002,22.674419,19.767442,17.441860000000002,13.953488
gemini_control_023_20260428T201116729567,0,control,gemini/gemini-2.5-pro,gemini,0.06224999999999999,0.21625,0.9657,31.906050000000004,11.653299999999998,20,14.500000000000002,8.0,13.5,17.0,11.0,36.0
gemini_fundamental_010_20260428T201128064907,1,fundamental,gemini/gemini-2.5-pro,gemini,0.0624562587077631,0.2006382815839423,1.0008994789,32.0623813866,12.663809780999998,20,12.698413,10.052909999999999,19.047618999999997,14.285715,11.640212,32.275132
gemini_combined_009_20260428T201141069330,3,combined,gemini/gemini-2.5-pro,gemini,0.07025447006298831,0.18920522501699288,0.8538624233000001,29.916676990100004,15.546676652699997,20,15.661375,3.703704,22.222222,19.68254,18.412698,20.31746
gemini_combined_022_20260428T201155406478,3,combined,gemini/gemini-2.5-pro,gemini,0.0728731086653519,0.19889546633530591,0.8935897398,30.208923329900003,14.6393332322,20,17.435898,3.0769230000000003,18.461538,15.897437,16.923077,28.205128000000002
gemini_control_024_20260428T201209333638,0,control,gemini/gemini-2.5-pro,gemini,0.06421554918411171,0.22330243643392866,0.9846230939000001,32.25381857719999,12.326080247299998,20,15.57789,7.537689,12.562814,17.085427,10.05025,37.185928999999994
gemini_control_006_20260428T201223055012,0,control,gemini/gemini-2.5-pro,gemini,0.06338951954060561,0.21670255367985958,0.9700497444,31.987263693300005,11.3891041038,20,15.422886,6.965175000000001,13.432835,16.915423,11.442786,35.820895
gemini_fundamental_026_20260428T201236059774,1,fundamental,gemini/gemini-2.5-pro,gemini,0.06441756513875929,0.2052220895482439,1.0220603077,32.5705023406,14.271708648399999,20,12.060300999999999,8.542713,16.582915,15.075375999999999,14.070352,33.668342
gemini_combined_000_20260428T201251112746,3,combined,gemini/gemini-2.5-pro,gemini,0.06725757494272978,0.183358821842015,0.8198324017999999,29.353184481000007,13.746648118699996,20,19.553072,5.586592,20.670391,18.994414,15.083798999999997,20.111732
gemini_control_018_20260428T201308010114,0,control,gemini/gemini-2.5-pro,gemini,0.06348383484023022,0.21495899932981438,0.9648058310000001,32.365097149600004,11.7388350143,20,13.592233,8.252427,13.592233,19.902912,9.708737999999999,34.951457
gemini_fundamental_019_20260428T201321911673,1,fundamental,gemini/gemini-2.5-pro,gemini,0.0716049366172841,0.23209875945679032,1.0483333256000003,32.771777488,13.535611149299998,20,13.888888,6.6666669999999995,18.333333,14.444444,8.333334,38.333333
gemini_combined_028_20260428T201333703474,3,combined,gemini/gemini-2.5-pro,gemini,0.06419193178690422,0.1911200708905128,0.8936507982,30.3976191924,14.7926458243,20,15.873015000000002,5.291005,19.04762,17.460318,15.343914999999999,26.984127
gemini_fundamental_012_20260428T201346513177,1,fundamental,gemini/gemini-2.5-pro,gemini,0.0653504763666974,0.20997857971839617,0.9963636530000001,31.914242999399992,12.986262943899998,20,15.656566,7.070707,17.676768,15.656566,10.101010999999998,33.838384
gemini_control_002_20260428T201358697869,0,control,gemini/gemini-2.5-pro,gemini,0.06238243552526491,0.2138421452116779,0.9444162218,31.582182284099996,11.230151879100001,20,16.243655,8.629442,13.197969,17.766498,9.137055,35.02538
gemini_combined_013_20260428T201413547947,3,combined,gemini/gemini-2.5-pro,gemini,0.067999216021948,0.19307970067691282,0.901005291,30.2903174909,13.5615872593,20,16.931216999999997,5.291005,19.57672,16.931217,13.756614,27.513227
gemini_technical_012_20260428T201427781134,2,technical,gemini/gemini-2.5-pro,gemini,0.10855691687393522,0.19643154150556363,0.7602311781,28.6831779151,16.566647065599998,20,21.387283,2.890173,23.699422000000002,18.497109000000002,20.809247000000003,12.716762000000001
gemini_technical_013_20260428T201440687173,2,technical,gemini/gemini-2.5-pro,gemini,0.11368662758321459,0.194647418262647,0.7642328368000001,28.926403374200003,15.8680952161,20,21.164022,3.1746040000000004,23.280423,21.164022,17.989419,13.227514000000001
gemini_fundamental_006_20260428T201456048271,1,fundamental,gemini/gemini-2.5-pro,gemini,0.052843811579036795,0.17610330816797082,0.8714854284,30.143242657099997,10.9604076386,20,15.436893000000001,10.097086999999998,16.990291000000003,19.320389,15.145632,23.009708
gemini_fundamental_016_20260428T201514476809,1,fundamental,gemini/gemini-2.5-pro,gemini,0.06197224170343331,0.2005259288794741,0.9742162097,31.5579997014,12.613459458200001,20,14.054053999999999,9.189189,18.378378,16.216216,10.27027,31.891892
gemini_fundamental_007_20260428T201529120861,1,fundamental,gemini/gemini-2.5-pro,gemini,0.06647187655514991,0.2230825394039447,1.0041081099,31.651621492100002,12.520270102799998,20,14.594594999999998,8.108108,18.918917999999998,12.972971999999999,8.648649,36.756757
gemini_control_010_20260428T201542635812,0,control,gemini/gemini-2.5-pro,gemini,0.0664167631968476,0.22736447568050783,0.9768627297000001,32.60426445910001,11.9603920089,20,13.725491000000002,7.843138,12.745097999999999,20.098039,8.333332,37.254902
gemini_technical_014_20260428T201559534039,2,technical,gemini/gemini-2.5-pro,gemini,0.11718750068181837,0.2012525899690084,0.7560227533999999,28.2906258031,16.5805115272,20,22.727273,2.840909,26.136364,15.909090999999997,19.886364,12.500001
gemini_control_015_20260428T201612227319,0,control,gemini/gemini-2.5-pro,gemini,0.0685379084428605,0.23392985434073432,1.0015920488,32.7404977078,12.0801493969,20,13.930349,6.965175000000001,13.432836,18.407960000000003,8.457711000000002,38.80597
gemini_fundamental_028_20260428T201625235677,1,fundamental,gemini/gemini-2.5-pro,gemini,0.0673526097475068,0.2269284270395154,1.0311797935,32.056798335399996,12.796067563799998,20,13.483147,8.988764,17.41573,12.359551,9.550562,38.202248
gemini_control_005_20260428T201639264461,0,control,gemini/gemini-2.5-pro,gemini,0.06305396435443571,0.2169389710987097,0.9691959777000001,31.944221289500007,11.8006025544,20,15.075377000000001,8.542714,13.567838999999998,16.582915,10.050251000000001,36.180904999999996
gemini_fundamental_003_20260428T201650528324,1,fundamental,gemini/gemini-2.5-pro,gemini,0.0632960986086617,0.20438956989613968,1.0022751303000001,31.955502411599994,13.133915322199998,20,14.285713999999999,10.052909999999999,18.518518,12.698412000000001,11.111112,33.333332999999996
gemini_fundamental_014_20260428T201704352415,1,fundamental,gemini/gemini-2.5-pro,gemini,0.05765,0.19290000000000002,0.9427,30.8294,12.80105,20,14.000000000000002,9.5,17.5,14.500000000000002,14.000000000000002,30.5
gemini_fundamental_015_20260428T201717971088,1,fundamental,gemini/gemini-2.5-pro,gemini,0.059771220091412,0.20148481715108219,0.9738191127,31.430553345099995,14.235427239899998,20,13.567838999999998,7.035176,17.085428,14.572864999999998,15.57789,32.160804
gemini_control_012_20260428T201730973952,0,control,gemini/gemini-2.5-pro,gemini,0.0682,0.2374,0.9871,32.6178,12.054300000000001,20,15.0,7.000000000000001,13.0,19.0,7.000000000000001,39.0
gemini_fundamental_018_20260428T201743212194,1,fundamental,gemini/gemini-2.5-pro,gemini,0.06598337902493091,0.21385041354016648,1.0043684277,32.18768440630001,12.824473718399997,20,14.736843,7.894737,15.789473999999998,16.315789,10.000001,35.263157
gemini_combined_011_20260428T201755704890,3,combined,gemini/gemini-2.5-pro,gemini,0.0679253444444446,0.20079209159722242,0.9145833098000001,30.374165923700005,13.592239125899999,20,16.666667,6.25,20.833333,16.666666,9.895833,29.687499
gemini_combined_020_20260428T201813538077,3,combined,gemini/gemini-2.5-pro,gemini,0.0675696754914018,0.1865422436172406,0.8667597751,30.3639106941,14.5394968107,20,17.318434999999997,5.027933,18.994412999999998,18.435755,16.201116999999996,24.022347
gemini_combined_029_20260428T201827122260,3,combined,gemini/gemini-2.5-pro,gemini,0.057333226567116195,0.183772384499995,0.9028691836,30.260627832900003,15.455758659100002,20,16.574958000000002,6.4233579999999995,23.526108,15.508141,17.113981,20.853454000000003
gemini_combined_010_20260428T201848331093,3,combined,gemini/gemini-2.5-pro,gemini,0.07056245408619449,0.2007012444879475,0.9181621575000001,30.6277839033,14.0295133365,20,18.918919000000002,4.324325,17.837838,15.675676,13.513513,29.72973
gemini_control_019_20260428T201902388348,0,control,gemini/gemini-2.5-pro,gemini,0.06557893539276491,0.21938073799606173,0.9843967999000002,32.6748052397,12.221634771,20,14.556331,6.779661000000001,13.459620999999999,19.242272999999997,10.169491,35.792622
gemini_technical_025_20260428T201916755050,2,technical,gemini/gemini-2.5-pro,gemini,0.08314213542929609,0.19067745888298526,0.7198901214,27.612692618699995,15.6648902659,20,24.175825,4.945055,21.428572,19.230769,17.582417,12.637362999999999
gemini_fundamental_013_20260428T201935576617,1,fundamental,gemini/gemini-2.5-pro,gemini,0.07002348277972789,0.22693870733617846,1.0382412019,32.7638188133,14.063718579399998,20,13.567838999999998,7.035176,15.57789,14.572864,11.055276,38.190954
gemini_combined_014_20260428T201951321365,3,combined,gemini/gemini-2.5-pro,gemini,0.06770083150138521,0.18803324205540178,0.8278947355999999,29.170210386300003,12.708105455000002,20,17.368422,6.315789,20.526316,18.947368,12.105262999999999,24.736842
gemini_control_020_20260428T202005931482,0,control,gemini/gemini-2.5-pro,gemini,0.06012474441908051,0.2110300232443627,0.9606532595999999,31.893819167999997,11.966331329099997,20,14.572865000000002,7.537689,13.567838999999998,17.58794,12.060302,34.673366
gemini_control_000_20260428T202018467594,0,control,gemini/gemini-2.5-pro,gemini,0.062144896528370706,0.2140097516658671,0.9436180914000001,31.584120783800003,10.568291044499999,20,15.075377000000001,8.542714,13.567838999999998,18.090452000000003,9.547739000000002,35.17588
gemini_combined_025_20260428T202032077170,3,combined,gemini/gemini-2.5-pro,gemini,0.07605251329560908,0.1955070200588505,0.8994680921999998,30.371011007699995,15.842074170199997,20,15.957446000000001,4.255319,22.340425,15.425533,15.425533,26.595745000000004
gemini_combined_015_20260428T202045412475,3,combined,gemini/gemini-2.5-pro,gemini,0.06564999999999999,0.1904,0.8734000000000002,29.824050000000003,13.68125,20,17.0,5.500000000000001,20.0,16.5,14.500000000000002,26.5
gemini_fundamental_027_20260428T202059734008,1,fundamental,gemini/gemini-2.5-pro,gemini,0.0645564346709706,0.2052790484818826,1.0263775534,32.367244927,13.769591910499997,20,13.775509999999999,9.183674,17.857142999999997,13.265305999999999,12.244898,33.673469
gemini_combined_023_20260428T202113131752,3,combined,gemini/gemini-2.5-pro,gemini,0.06385599487416381,0.18412138445004358,0.8620634877,29.8125925384,14.663227454800001,20,17.460317,6.349207,21.164022,16.931217,14.814813999999998,23.280423
gemini_fundamental_023_20260428T202125659152,1,fundamental,gemini/gemini-2.5-pro,gemini,0.061280479036981195,0.20091822754738123,0.9804232753000001,31.157407224099998,12.6382539968,20,13.227513000000002,8.465608999999999,20.10582,13.756613000000002,12.698413,31.746032000000003
gemini_combined_017_20260428T202138445011,3,combined,gemini/gemini-2.5-pro,gemini,0.07190650193133691,0.1956756793513515,0.8608108172,29.824703017700003,13.968486196699999,20,16.216216,4.324325,18.378377999999998,17.837838,15.135135,28.108109
gemini_technical_029_20260428T202150623757,2,technical,gemini/gemini-2.5-pro,gemini,0.09930268814049611,0.1997675732438019,0.7642045746,28.7648873654,17.6960229797,20,21.59091,2.840909,21.022728,16.477272999999997,25.568182,12.500001
gemini_technical_023_20260428T202214499786,2,technical,gemini/gemini-2.5-pro,gemini,0.0976411662389482,0.209614110761276,0.7687570818,28.6604530053,18.0693786685,20,24.293785999999997,2.824859,26.553673,15.819211,21.468926999999997,9.039548
gemini_combined_001_20260428T202236123046,3,combined,gemini/gemini-2.5-pro,gemini,0.0633251152473395,0.19459443075621868,0.8946927475,30.283743399899997,13.5053631858,20,17.877094999999997,7.26257,18.994412999999998,17.318436,10.055866,28.491621000000002
gemini_control_025_20260428T202250401350,0,control,gemini/gemini-2.5-pro,gemini,0.06220301167279669,0.2151198677977933,0.9522797811999999,31.8352845748,11.5087560404,20,16.062176,7.253886,13.471502,17.61658,10.362694,35.233161
gemini_technical_011_20260428T202303939133,2,technical,gemini/gemini-2.5-pro,gemini,0.11871033817855331,0.2322334470998879,0.7960403966,29.6724038349,22.5466668843,20,19.090909000000003,3.333333,16.363636,13.232323000000001,37.272728,10.70707
gemini_combined_012_20260428T202317615083,3,combined,gemini/gemini-2.5-pro,gemini,0.0678817773808559,0.19515620886114668,0.8974860414000001,30.5840226751,15.172960655499999,20,17.318436,3.910615,17.877094999999997,18.435754,15.083798999999997,27.374302
gemini_technical_017_20260428T202329234466,2,technical,gemini/gemini-2.5-pro,gemini,0.0759870176636021,0.18063817871011373,0.7081976728,27.496046309100002,12.593081312999999,20,21.511627,6.976744,19.186046,19.767442000000003,18.023256,14.534884
gemini_technical_004_20260428T202347364119,2,technical,gemini/gemini-2.5-pro,gemini,0.11776859677685968,0.1960227384090913,0.7745454915,29.0386375235,16.350000341599998,20,21.590909,3.409091,21.590909,17.045454999999997,23.863637999999998,12.500001
gemini_control_029_20260428T202401123439,0,control,gemini/gemini-2.5-pro,gemini,0.06374999999999999,0.2169,0.95625,32.0025,11.078550000000002,20,13.5,7.5,13.0,19.5,11.0,35.5
gemini_control_027_20260428T202414906323,0,control,gemini/gemini-2.5-pro,gemini,0.06631952997676452,0.22639343402984247,0.9604761699000001,31.920052423900003,10.6849206801,20,13.756614,7.407406999999999,13.227512999999998,18.518519,9.523809,37.566137
gemini_combined_016_20260428T202429345074,3,combined,gemini/gemini-2.5-pro,gemini,0.07008310266482011,0.1935734062714683,0.8891052492,30.2785257324,15.361473741400001,20,17.368421,3.68421,21.578948,15.263157000000001,16.842105,25.263157999999997
gemini_combined_027_20260428T202442165148,3,combined,gemini/gemini-2.5-pro,gemini,0.0726661773878745,0.1873192066267349,0.8726486294999998,30.2784320159,14.335945400999998,20,18.378378,5.945945999999999,20.54054,17.837838,12.972973000000001,24.324324
gemini_control_004_20260428T202455978892,0,control,gemini/gemini-2.5-pro,gemini,0.06007424105855931,0.20724224266255906,0.9635678347000001,31.879698651199995,11.601004619299998,20,15.075377000000001,8.542714,13.567838999999998,16.582915,12.060302,34.17085399999999
gemini_fundamental_024_20260428T202508466784,1,fundamental,gemini/gemini-2.5-pro,gemini,0.08694224875533459,0.2766344297674302,1.1274371866000001,34.468442244,14.94567803,20,13.065325999999999,5.527638,13.567838999999998,13.065326999999998,8.542714,46.231156
gemini_technical_015_20260428T202522698749,2,technical,gemini/gemini-2.5-pro,gemini,0.1220370382962964,0.2009259247407408,0.7873889017,29.023055827100002,16.8745557697,20,21.666666,2.7777779999999996,24.999999999999996,15.0,22.777778000000005,12.777778000000001
gemini_control_011_20260428T202535601270,0,control,gemini/gemini-2.5-pro,gemini,0.061849999999999995,0.21365000000000003,0.9524000000000001,31.6192,12.246649999999999,20,16.0,7.500000000000001,14.499999999999998,17.0,10.0,35.0
gemini_technical_009_20260428T202547887365,2,technical,gemini/gemini-2.5-pro,gemini,0.11122991175448578,0.19295665612616542,0.7947976808999999,29.404912815800003,15.168612709400001,20,21.387283,3.4682080000000006,19.075144,16.763004999999996,24.277456,15.028901999999999
gemini_combined_021_20260428T202601813511,3,combined,gemini/gemini-2.5-pro,gemini,0.0720775612520777,0.1926315754736843,0.8782631428000001,29.9106839083,14.667526374,20,16.842105,4.210526,20.0,16.315790000000003,16.315789,26.315789000000002
gemini_technical_026_20260428T202617270254,2,technical,gemini/gemini-2.5-pro,gemini,0.12738496322110002,0.19661259702377318,0.8002525470999999,29.517222898,15.8029801357,20,19.191918999999995,2.5252529999999997,22.727273,18.686869,23.232324,13.636363999999999
gemini_control_013_20260428T202629659771,0,control,gemini/gemini-2.5-pro,gemini,0.0655104154802528,0.2212272605146574,0.9692233004999999,32.5000485612,11.7848543464,20,13.592233,7.76699,13.592233,20.38835,8.737864,35.92233
gemini_combined_026_20260428T202642769897,3,combined,gemini/gemini-2.5-pro,gemini,0.0863077749620673,0.19839870202457952,0.9065079333999999,31.1995238368,16.7733331644,20,15.873016000000002,4.232805000000001,19.57672,20.634921000000002,12.169312,27.513227
gemini_control_017_20260428T202655780129,0,control,gemini/gemini-2.5-pro,gemini,0.062195400692912,0.21370673110073,0.9628140774,31.743467783699998,11.7902511078,20,15.075377000000001,7.537689,14.572864,17.085427,10.552765,35.17588
gemini_control_028_20260428T202708681504,0,control,gemini/gemini-2.5-pro,gemini,0.06674073761218169,0.23118102469533608,0.9823115341000002,32.106431668899994,12.343366585399998,20,15.57789,7.035176,14.572864,17.085427,7.537688000000001,38.190954
gemini_fundamental_001_20260428T202721373680,1,fundamental,gemini/gemini-2.5-pro,gemini,0.06992247696320819,0.2265851878326306,1.0332160868,32.3359298328,13.104623063699997,20,15.075377000000001,7.035176,15.075375999999999,12.562814,12.060302,38.190954999999995
gemini_fundamental_005_20260428T202735203700,1,fundamental,gemini/gemini-2.5-pro,gemini,0.058288000000000006,0.18486000000000002,0.96101,31.207250000000002,13.169990000000002,20,13.0,9.5,20.9,16.1,14.200000000000001,26.3
gemini_combined_004_20260428T202748185403,3,combined,gemini/gemini-2.5-pro,gemini,0.06710338411354681,0.19632709108031704,0.9376719553999999,31.266031700099997,14.647618577500001,20,15.873015000000002,5.820106,17.989418,16.931217,13.756614,29.629630000000002
gemini_control_003_20260428T202802853259,0,control,gemini/gemini-2.5-pro,gemini,0.06659999999999999,0.22590000000000002,0.97515,32.273849999999996,11.15195,20,13.5,7.000000000000001,13.0,18.5,10.500000000000002,37.5
gemini_control_014_20260428T202816568247,0,control,gemini/gemini-2.5-pro,gemini,0.05989292204640109,0.2078524723045807,0.9203414717,31.3019028296,11.3524881801,20,15.121951,7.317072999999999,14.146342,19.512195,10.731708,33.170732
gemini_technical_021_20260428T202833056911,2,technical,gemini/gemini-2.5-pro,gemini,0.12381000746344799,0.20451503767682644,0.7388442167,28.4554270209,17.0373366731,20,24.120603000000003,2.512563,24.623116,18.592965,20.100502000000002,10.050251
